id,description,govNumber,isArchived,isDeleted,name,updatedAt,createdAt,company
0,celebrity,000-0000,False,False,Chicharito Hernandez,2019-05-14T08:13:18.271559,2019-05-14T08:13:18.271559,0
1,celebrity,000-0000,False,False,The First Lady,2019-05-14T08:13:18.271559,2019-05-14T08:13:18.271559,0
2,celebrity,000-0000,False,False,Gordon Ramsay,2019-05-14T08:13:18.271559,2019-05-14T08:13:18.271559,0
3,celebrity,000-0000,False,False,Gading Marten,2019-05-14T08:13:18.271559,2019-05-14T08:13:18.271559,0
4,celebrity,000-0000,False,False,Julia Montes,2019-05-14T08:13:18.271559,2019-05-14T08:13:18.271559,0
5,celebrity,000-0000,False,False,Cameron,2019-05-14T08:13:18.271559,2019-05-14T08:13:18.271559,0
6,celebrity,000-0000,False,False,Ian McKellen,2019-05-14T08:13:18.271559,2019-05-14T08:13:18.271559,0
7,celebrity,000-0000,False,False,Cher Lloyd,2019-05-14T08:13:18.271559,2019-05-14T08:13:18.271559,0
8,celebrity,000-0000,False,False,Anahi,2019-05-14T08:13:18.271559,2019-05-14T08:13:18.271559,0
9,celebrity,000-0000,False,False,SHILPA SHETTY KUNDRA,2019-05-14T08:13:18.271559,2019-05-14T08:13:18.271559,0
10,celebrity,000-0000,False,False,Parineeti Chopra,2019-05-14T08:13:18.299274,2019-05-14T08:13:18.299274,1
11,celebrity,000-0000,False,False,Giovanna Antonelli,2019-05-14T08:13:18.299274,2019-05-14T08:13:18.299274,1
12,celebrity,000-0000,False,False,Dr. Dre,2019-05-14T08:13:18.299274,2019-05-14T08:13:18.299274,1
13,celebrity,000-0000,False,False,Stephen A Smith,2019-05-14T08:13:18.299274,2019-05-14T08:13:18.299274,1
14,celebrity,000-0000,False,False,Shawn Michaels,2019-05-14T08:13:18.299274,2019-05-14T08:13:18.299274,1
15,celebrity,000-0000,False,False,ashton kutcher,2019-05-14T08:13:18.323048,2019-05-14T08:13:18.323048,2
16,celebrity,000-0000,False,False,Ellie Goulding,2019-05-14T08:13:18.323048,2019-05-14T08:13:18.323048,2
17,celebrity,000-0000,False,False,Rebel Wilson,2019-05-14T08:13:18.323048,2019-05-14T08:13:18.323048,2
18,celebrity,000-0000,False,False,zayn,2019-05-14T08:13:18.323048,2019-05-14T08:13:18.323048,2
19,celebrity,000-0000,False,False,Ashton Irwin,2019-05-14T08:13:18.323048,2019-05-14T08:13:18.323048,2
20,celebrity,000-0000,False,False,Tito El Bambino,2019-05-14T08:13:18.323048,2019-05-14T08:13:18.323048,2
21,celebrity,000-0000,False,False,Aljassmi حسين الجسمي,2019-05-14T08:13:18.345616,2019-05-14T08:13:18.345616,3
22,celebrity,000-0000,False,False,The Killers,2019-05-14T08:13:18.345616,2019-05-14T08:13:18.345616,3
23,celebrity,000-0000,False,False,Luis Suarez,2019-05-14T08:13:18.345616,2019-05-14T08:13:18.345616,3
24,celebrity,000-0000,False,False,Sonam Kapoor,2019-05-14T08:13:18.345616,2019-05-14T08:13:18.345616,3
25,celebrity,000-0000,False,False,Instagram  @LLCOOLJ,2019-05-14T08:13:18.345616,2019-05-14T08:13:18.345616,3
26,celebrity,000-0000,False,False,Polo Polo,2019-05-14T08:13:18.345616,2019-05-14T08:13:18.345616,3
27,celebrity,000-0000,False,False,Khloé,2019-05-14T08:13:18.345616,2019-05-14T08:13:18.345616,3
28,celebrity,000-0000,False,False,Gading Marten,2019-05-14T08:13:18.345616,2019-05-14T08:13:18.345616,3
29,celebrity,000-0000,False,False,The Next Brandy,2019-05-14T08:13:18.345616,2019-05-14T08:13:18.345616,3
30,celebrity,000-0000,False,False,Macklemore,2019-05-14T08:13:18.368532,2019-05-14T08:13:18.368532,4
31,celebrity,000-0000,False,False,Can u not,2019-05-14T08:13:18.391290,2019-05-14T08:13:18.391290,5
32,celebrity,000-0000,False,False,Axel,2019-05-14T08:13:18.391290,2019-05-14T08:13:18.391290,5
33,celebrity,000-0000,False,False,Andrea Serna,2019-05-14T08:13:18.391290,2019-05-14T08:13:18.391290,5
34,celebrity,000-0000,False,False,Mac,2019-05-14T08:13:18.391290,2019-05-14T08:13:18.391290,5
35,celebrity,000-0000,False,False,Taraji P. Henson,2019-05-14T08:13:18.391290,2019-05-14T08:13:18.391290,5
36,celebrity,000-0000,False,False,Rafa Nadal,2019-05-14T08:13:18.391290,2019-05-14T08:13:18.391290,5
37,celebrity,000-0000,False,False,Danny DeVito,2019-05-14T08:13:18.391290,2019-05-14T08:13:18.391290,5
38,celebrity,000-0000,False,False,Hulya Avsar,2019-05-14T08:13:18.391290,2019-05-14T08:13:18.391290,5
39,celebrity,000-0000,False,False,Pedro Rodríguez,2019-05-14T08:13:18.414044,2019-05-14T08:13:18.414044,6
40,celebrity,000-0000,False,False,Kevin Hart,2019-05-14T08:13:18.414044,2019-05-14T08:13:18.414044,6
41,celebrity,000-0000,False,False,خالد الشنيف,2019-05-14T08:13:18.414044,2019-05-14T08:13:18.414044,6
42,celebrity,000-0000,False,False,Irfan Bachdim,2019-05-14T08:13:18.414044,2019-05-14T08:13:18.414044,6
43,celebrity,000-0000,False,False,Xabi Alonso,2019-05-14T08:13:18.437657,2019-05-14T08:13:18.437657,7
44,celebrity,000-0000,False,False,Vision Implementer  ,2019-05-14T08:13:18.461761,2019-05-14T08:13:18.461761,8
45,celebrity,000-0000,False,False,Jason Segel,2019-05-14T08:13:18.461761,2019-05-14T08:13:18.461761,8
46,celebrity,000-0000,False,False,Dermot O'Leary,2019-05-14T08:13:18.461761,2019-05-14T08:13:18.461761,8
47,celebrity,000-0000,False,False,篠田麻里子,2019-05-14T08:13:18.484716,2019-05-14T08:13:18.484716,9
48,celebrity,000-0000,False,False,Martha Stewart,2019-05-14T08:13:18.484716,2019-05-14T08:13:18.484716,9
